wavenumbers,transmittance
255.25,0.008
256.7039566,0.007
258.1579133,0.004
259.6118699,20.004
261.0658266,0.002
262.5197832,0.001
263.9737398,0.001
265.4276965,0.001
266.8816531,10.001
268.3356098,0.001
269.7895664,0.001
271.243523,0.001
272.6974797,0.001
274.1514363,0.001
275.605393,0.001
277.0593496,0.001
278.5133062,0.001
279.9672629,0.001
281.4212195,30.001
282.8751762,0.001
284.3291328,0.001
285.7830894,0.001
287.2370461,0.001
288.6910027,0.001
290.1449593,0.001
291.598916,0.001
293.0528726,0.001
294.5068293,0.001
295.9607859,0.001
297.4147425,0.001
298.8686992,0.001
300.3226558,0.001
301.7766125,0.001
303.2305691,0.001
304.6845257,0.001
306.1384824,0.001
307.592439,0.002
309.0463957,0.002
310.5003523,0.002
311.9543089,0.002
313.4082656,0.002
314.8622222,0.002
316.3161789,0.002
317.7701355,0.002
319.2240921,0.002
320.6780488,0.002
322.1320054,0.002
323.5859621,0.002
325.0399187,0.001
326.4938753,0.001
327.947832,0.002
329.4017886,0.002
330.8557453,0.002
332.3097019,0.002
333.7636585,0.005
335.2176152,0.005
336.6715718,0.01
338.1255285,0.013
339.5794851,0.014
341.0334417,0.018
342.4873984,0.023
343.941355,0.033
345.3953117,0.033
346.8492683,0.037
348.3032249,0.04
349.7571816,0.043
351.2111382,0.05
352.6650949,0.053
354.1190515,0.0679
355.5730081,0.0799
357.0269648,0.081
358.4809214,0.084
359.934878,0.09
361.3888347,0.093
362.8427913,0.101
364.296748,0.112
365.7507046,0.122
367.2046612,0.1309
368.6586179,0.1439
370.1125745,0.1519
371.5665312,0.163
373.0204878,0.171
374.4744444,0.193
375.9284011,0.203
377.3823577,0.211
378.8363144,0.219
380.290271,0.2289
381.7442276,0.234
383.1981843,12.2499
384.6521409,0.2599
386.1060976,0.286
387.5600542,0.292
389.0140108,0.302
390.4679675,0.311
391.9219241,0.32
393.3758808,0.3329
394.8298374,0.3419
396.283794,0.3619
397.7377507,2230.365
399.1917073,0.3749
400.645664,0.384
402.0996206,0.394
403.5535772,0.41
405.0075339,0.4299
406.4614905,0.4519
407.9154472,0.454
409.3694038,0.462
410.8233604,0.4729
412.2773171,1230.4809
413.7312737,0.487
415.1852304,0.496
416.639187,0.497
418.0931436,0.502
419.5471003,0.508
421.0010569,0.512
422.4550136,0.521
423.9089702,0.526
425.3629268,0.522
426.8168835,0.516
428.2708401,0.5021
429.7247967,0.502
431.1787534,0.512
432.63271,0.518
434.0866667,0.5759
435.5406233,0.6119
436.9945799,0.6249
438.4485366,0.631
439.9024932,0.637
441.3564499,0.644
442.8104065,0.649
444.2643631,0.663
445.7183198,0.676
447.1722764,0.7079
448.6262331,0.72
450.0801897,0.733
451.5341463,100
452.988103,100
454.4420596,100
455.8960163,100
457.3499729,100
458.8039295,100
460.2578862,100
461.7118428,100
463.1657995,100
464.6197561,100
466.0737127,100
467.5276694,100
468.981626,100
470.4355827,100
471.8895393,0.8599
473.3434959,0.866
474.7974526,0.871
476.2514092,0.88
477.7053659,0.882
479.1593225,0.885
480.6132791,0.89
482.0672358,0.893
483.5211924,0.898
484.9751491,0.901
486.4291057,0.905
487.8830623,0.911
489.337019,0.912
490.7909756,0.917
492.2449322,0.922
493.6988889,0.927
495.1528455,0.931
496.6068022,0.935
498.0607588,0.935
499.5147154,0.938
500.9686721,0.938
502.4226287,0.93
503.8765854,0.922
505.330542,0.911
506.7844986,0.903
508.2384553,0.903
509.6924119,0.906
511.1463686,0.908
512.6003252,0.908
514.0542818,0.912
515.5082385,0.914
516.9621951,0.914
518.4161518,0.914
519.8701084,0.914
521.324065,0.914
522.7780217,0.915
524.2319783,0.919
525.685935,0.925
527.1398916,0.9349
528.5938482,0.941
530.0478049,0.943
531.5017615,0.951
532.9557182,0.951
534.4096748,0.953
535.8636314,0.954
537.3175881,0.957
538.7715447,0.957
540.2255014,0.959
541.679458,0.959
543.1334146,0.962
544.5873713,0.963
546.0413279,0.967
547.4952846,0.97
548.9492412,0.97
550.4031978,0.972
551.8571545,0.972
553.3111111,0.975
554.7650678,0.978
556.2190244,0.982
557.672981,0.982
559.1269377,0.982
560.5808943,0.981
562.0348509,0.981
563.4888076,0.979
564.9427642,0.979
566.3967209,0.979
567.8506775,0.979
569.3046341,0.981
570.7585908,0.981
572.2125474,0.982
573.6665041,0.982
575.1204607,0.982
576.5744173,0.983
578.028374,0.983
579.4823306,0.985
580.9362873,0.988
582.3902439,0.989
583.8442005,0.991
585.2981572,0.988
586.7521138,0.988
588.2060705,0.988
589.6600271,0.988
591.1139837,0.989
592.5679404,0.991
594.021897,0.992
595.4758537,0.994
596.9298103,0.994
598.3837669,0.992
599.8377236,0.992
601.2916802,0.992
602.7456369,0.992
604.1995935,0.992
605.6535501,0.994
607.1075068,0.994
608.5614634,0.992
610.0154201,0.991
611.4693767,0.991
612.9233333,0.988
614.37729,0.983
615.8312466,0.982
617.2852033,0.982
618.7391599,0.982
620.1931165,0.979
621.6470732,0.981
623.1010298,0.979
624.5549864,0.979
626.0089431,0.981
627.4628997,0.982
628.9168564,0.983
630.370813,0.985
631.8247696,0.985
633.2787263,0.986
634.7326829,0.986
636.1866396,0.989
637.6405962,0.991
639.0945528,0.991
640.5485095,0.986
642.0024661,0.985
643.4564228,0.983
644.9103794,0.981
646.364336,0.975
647.8182927,0.975
649.2722493,0.981
650.726206,0.982
652.1801626,0.983
653.6341192,0.985
655.0880759,0.985
656.5420325,0.985
657.9959892,0.983
659.4499458,0.983
660.9039024,0.982
662.3578591,0.981
663.8118157,0.978
665.2657724,0.972
666.719729,0.962
668.1736856,0.951
669.6276423,0.9381
671.0815989,0.9211
672.5355556,0.8991
673.9895122,0.8772
675.4434688,0.8601
676.8974255,0.842
678.3513821,0.826
679.8053388,0.812
681.2592954,0.7771
682.713252,0.764
684.1672087,0.7511
685.6211653,0.7371
687.075122,0.6853
688.5290786,0.6334
689.9830352,0.5834
691.4369919,0.534
692.8909485,0.525
694.3449051,0.5769
695.7988618,0.6169
697.2528184,0.6519
698.7067751,0.6809
700.1607317,0.7049
701.6146883,0.7189
703.068645,0.7299
704.5226016,0.7419
705.9765583,0.751
707.4305149,0.765
708.8844715,0.778
710.3384282,0.8129
711.7923848,0.8608
713.2463415,0.8859
714.7002981,0.9109
716.1542547,0.9279
717.6082114,0.934
719.062168,0.9429
720.5161247,0.951
721.9700813,0.959
723.4240379,0.966
724.8779946,0.969
726.3319512,0.972
727.7859079,0.975
729.2398645,0.976
730.6938211,0.979
732.1477778,0.979
733.6017344,0.979
735.0556911,0.973
736.5096477,0.973
737.9636043,0.972
739.417561,0.966
740.8715176,0.963
742.3254743,0.9491
743.7794309,0.9341
745.2333875,0.9032
746.6873442,0.8603
748.1413008,0.8154
749.5952575,0.768
751.0492141,0.736
752.5031707,0.7031
753.9571274,0.6053
755.411084,0.5063
756.8650407,0.4741
758.3189973,0.4422
759.7729539,0.4092
761.2269106,0.3752
762.6808672,0.3055
764.1348238,0.27
765.5887805,0.235
767.0427371,0.1641
768.4966938,0.161
769.9506504,0.164
771.404607,0.1988
772.8585637,0.2855
774.3125203,0.3267
775.766477,0.3905
777.2204336,0.4198
778.6743902,0.422
780.1283469,0.438
781.5823035,0.4809
783.0362602,0.5119
784.4902168,0.6117
785.9441734,0.6329
787.3981301,0.6619
788.8520867,0.6749
790.3060434,0.7286
791.76,0.7866
793.2139566,0.822
794.6679133,0.8919
796.1218699,0.896
797.5758266,0.905
799.0297832,0.9209
800.4837398,0.9329
801.9376965,0.941
803.3916531,0.947
804.8456098,0.951
806.2995664,0.954
807.753523,0.954
809.2074797,0.957
810.6614363,0.959
812.115393,0.96
813.5693496,0.96
815.0233062,0.963
816.4772629,0.966
817.9312195,0.967
819.3851762,0.97
820.8391328,0.97
822.2930894,0.969
823.7470461,0.969
825.2010027,0.97
826.6549593,0.972
828.108916,0.972
829.5628726,0.972
831.0168293,0.97
832.4707859,0.969
833.9247425,0.967
835.3786992,0.967
836.8326558,0.969
838.2866125,0.969
839.7405691,0.969
841.1945257,0.966
842.6484824,0.965
844.102439,0.962
845.5563957,0.962
847.0103523,0.959
848.4643089,0.956
849.9182656,0.956
851.3722222,0.954
852.8261789,0.951
854.2801355,0.947
855.7340921,0.943
857.1880488,0.941
858.6420054,0.938
860.0959621,0.933
861.5499187,0.9221
863.0038753,0.915
864.457832,0.912
865.9117886,0.906
867.3657453,0.905
868.8197019,0.905
870.2736585,0.895
871.7276152,0.8741
873.1815718,0.864
874.6355285,0.8541
876.0894851,0.847
877.5434417,0.8361
878.9973984,0.8568
880.451355,0.87
881.9053117,0.887
883.3592683,0.906
884.8132249,0.906
886.2671816,0.905
887.7211382,0.903
889.1750949,0.903
890.6290515,0.902
892.0830081,0.902
893.5369648,0.899
894.9909214,0.895
896.444878,0.892
897.8988347,0.889
899.3527913,0.886
900.806748,0.885
902.2607046,0.883
903.7146612,0.883
905.1686179,0.882
906.6225745,0.882
908.0765312,0.882
909.5304878,0.882
910.9844444,0.883
912.4384011,0.886
913.8923577,0.892
915.3463144,0.893
916.800271,0.902
918.2542276,0.912
919.7081843,0.9239
921.1621409,0.9339
922.6160976,0.9429
924.0700542,0.95
925.5240108,0.95
926.9779675,0.95
928.4319241,0.95
929.8858808,0.949
931.3398374,0.946
932.793794,0.946
934.2477507,0.944
935.7017073,0.944
937.155664,0.944
938.6096206,0.943
940.0635772,0.94
941.5175339,0.937
942.9714905,0.933
944.4254472,0.934
945.8794038,0.934
947.3333604,0.933
948.7873171,0.933
950.2412737,0.931
951.6952304,0.931
953.149187,0.927
954.6031436,0.925
956.0571003,0.925
957.5110569,0.924
958.9650136,0.924
960.4189702,0.922
961.8729268,0.922
963.3268835,0.921
964.7808401,0.915
966.2347967,0.914
967.6887534,0.914
969.14271,0.914
970.5966667,0.914
972.0506233,0.914
973.5045799,0.914
974.9585366,0.912
976.4124932,0.911
977.8664499,0.909
979.3204065,0.908
980.7743631,0.906
982.2283198,0.905
983.6822764,0.903
985.1362331,0.903
986.5901897,0.903
988.0441463,0.901
989.498103,0.898
990.9520596,0.892
992.4060163,0.892
993.8599729,0.889
995.3139295,0.889
996.7678862,0.887
998.2218428,0.876
999.6757995,0.866
1001.129756,0.858
1002.583713,0.851
1004.037669,0.85
1005.491626,0.85
1006.945583,0.851
1008.399539,0.852
1009.853496,0.852
1011.307453,0.858
1012.761409,0.861
1014.215366,0.861
1015.669322,0.863
1017.123279,0.863
1018.577236,0.863
1020.031192,0.866
1021.485149,0.866
1022.939106,0.863
1024.393062,0.861
1025.847019,0.857
1027.300976,0.852
1028.754932,0.85
1030.208889,0.847
1031.662846,0.844
1033.116802,0.842
1034.570759,0.841
1036.024715,0.836
1037.478672,0.834
1038.932629,0.8191
1040.386585,0.804
1041.840542,0.794
1043.294499,0.794
1044.748455,0.802
1046.202412,0.803
1047.656369,0.806
1049.110325,0.807
1050.564282,0.807
1052.018238,0.809
1053.472195,0.812
1054.926152,0.812
1056.380108,0.812
1057.834065,0.813
1059.288022,0.819
1060.741978,0.823
1062.195935,0.831
1063.649892,0.832
1065.103848,0.836
1066.557805,0.842
1068.011762,0.842
1069.465718,0.844
1070.919675,0.844
1072.373631,0.844
1073.827588,0.844
1075.281545,0.842
1076.735501,0.841
1078.189458,0.839
1079.643415,0.835
1081.097371,0.832
1082.551328,0.8221
1084.005285,0.812
1085.459241,0.803
1086.913198,0.793
1088.367154,0.791
1089.821111,0.79
1091.275068,0.791
1092.729024,0.796
1094.182981,0.8
1095.636938,0.802
1097.090894,0.803
1098.544851,0.804
1099.998808,0.804
1101.452764,0.806
1102.906721,0.812
1104.360678,0.818
1105.814634,0.823
1107.268591,0.832
1108.722547,0.835
1110.176504,0.838
1111.630461,0.8449
1113.084417,0.864
1114.538374,0.867
1115.992331,0.871
1117.446287,0.873
1118.900244,0.874
1120.354201,0.876
1121.808157,0.877
1123.262114,0.879
1124.71607,0.879
1126.170027,0.879
1127.623984,0.879
1129.07794,0.879
1130.531897,0.879
1131.985854,0.882
1133.43981,0.885
1134.893767,0.886
1136.347724,0.887
1137.80168,0.889
1139.255637,0.89
1140.709593,0.89
1142.16355,0.892
1143.617507,0.896
1145.071463,0.902
1146.52542,0.902
1147.979377,0.903
1149.433333,0.906
1150.88729,0.906
1152.341247,0.903
1153.795203,0.902
1155.24916,0.902
1156.703117,0.901
1158.157073,0.896
1159.61103,0.895
1161.064986,0.893
1162.518943,0.887
1163.9729,0.886
1165.426856,0.886
1166.880813,0.887
1168.33477,0.889
1169.788726,0.889
1171.242683,0.892
1172.69664,0.892
1174.150596,0.892
1175.604553,0.892
1177.058509,0.889
1178.512466,0.887
1179.966423,0.889
1181.420379,0.895
1182.874336,0.9029
1184.328293,0.9139
1185.782249,0.922
1187.236206,0.922
1188.690163,0.924
1190.144119,0.925
1191.598076,0.927
1193.052033,0.927
1194.505989,0.928
1195.959946,0.931
1197.413902,0.931
1198.867859,0.931
1200.321816,0.931
1201.775772,0.933
1203.229729,0.933
1204.683686,0.934
1206.137642,0.934
1207.591599,0.934
1209.045556,0.935
1210.499512,0.94
1211.953469,0.941
1213.407425,0.943
1214.861382,0.943
1216.315339,0.943
1217.769295,0.943
1219.223252,0.943
1220.677209,0.943
1222.131165,0.941
1223.585122,0.941
1225.039079,0.938
1226.493035,0.937
1227.946992,0.934
1229.400949,0.934
1230.854905,0.934
1232.308862,0.931
1233.762818,0.93
1235.216775,0.925
1236.670732,0.924
1238.124688,0.924
1239.578645,0.922
1241.032602,0.921
1242.486558,0.919
1243.940515,0.919
1245.394472,0.918
1246.848428,0.918
1248.302385,0.919
1249.756341,0.919
1251.210298,0.918
1252.664255,0.917
1254.118211,0.914
1255.572168,0.912
1257.026125,0.912
1258.480081,0.914
1259.934038,0.915
1261.387995,0.917
1262.841951,0.918
1264.295908,0.919
1265.749864,0.921
1267.203821,0.922
1268.657778,0.921
1270.111734,0.918
1271.565691,0.917
1273.019648,0.917
1274.473604,0.919
1275.927561,0.924
1277.381518,0.928
1278.835474,0.933
1280.289431,0.934
1281.743388,0.937
1283.197344,0.937
1284.651301,0.937
1286.105257,0.935
1287.559214,0.934
1289.013171,0.934
1290.467127,0.933
1291.921084,0.933
1293.375041,0.933
1294.828997,0.933
1296.282954,0.931
1297.736911,0.931
1299.190867,0.93
1300.644824,0.927
1302.09878,0.922
1303.552737,0.921
1305.006694,0.919
1306.46065,0.919
1307.914607,0.917
1309.368564,0.917
1310.82252,0.912
1312.276477,0.906
1313.730434,0.903
1315.18439,0.903
1316.638347,0.903
1318.092304,0.903
1319.54626,0.902
1321.000217,0.902
1322.454173,0.902
1323.90813,0.901
1325.362087,0.898
1326.816043,0.896
1328.27,0.895
1329.723957,0.895
1331.177913,0.895
1332.63187,0.893
1334.085827,0.892
1335.539783,0.887
1336.99374,0.885
1338.447696,0.883
1339.901653,0.88
1341.35561,0.88
1342.809566,0.879
1344.263523,0.879
1345.71748,0.877
1347.171436,0.877
1348.625393,0.874
1350.07935,0.873
1351.533306,0.871
1352.987263,0.87
1354.44122,0.868
1355.895176,0.866
1357.349133,0.863
1358.803089,0.863
1360.257046,0.861
1361.711003,0.858
1363.164959,0.854
1364.618916,0.851
1366.072873,0.85
1367.526829,0.842
1368.980786,0.841
1370.434743,0.8281
1371.888699,0.8151
1373.342656,0.8021
1374.796612,0.788
1376.250569,0.772
1377.704526,0.768
1379.158482,0.752
1380.612439,0.7321
1382.066396,0.723
1383.520352,0.72
1384.974309,0.719
1386.428266,0.72
1387.882222,0.7269
1389.336179,0.733
1390.790136,0.74
1392.244092,0.746
1393.698049,0.762
1395.152005,0.764
1396.605962,0.768
1398.059919,0.772
1399.513875,0.777
1400.967832,0.783
1402.421789,0.786
1403.875745,0.787
1405.329702,0.788
1406.783659,0.79
1408.237615,0.791
1409.691572,0.793
1411.145528,0.799
1412.599485,0.799
1414.053442,0.8
1415.507398,0.8
1416.961355,0.8
1418.415312,0.802
1419.869268,0.802
1421.323225,0.804
1422.777182,0.81
1424.231138,0.81
1425.685095,0.81
1427.139051,0.81
1428.593008,0.809
1430.046965,0.803
1431.500921,0.799
1432.954878,0.783
1434.408835,0.772
1435.862791,0.765
1437.316748,0.764
1438.770705,0.756
1440.224661,0.748
1441.678618,0.746
1443.132575,0.7331
1444.586531,0.726
1446.040488,0.723
1447.494444,0.723
1448.948401,0.724
1450.402358,0.724
1451.856314,0.726
1453.310271,0.726
1454.764228,0.727
1456.218184,0.73
1457.672141,0.73
1459.126098,0.73
1460.580054,0.7211
1462.034011,0.717
1463.487967,0.713
1464.941924,0.705
1466.395881,0.701
1467.849837,0.697
1469.303794,0.6711
1470.757751,0.6601
1472.211707,0.653
1473.665664,0.65
1475.119621,0.6411
1476.573577,0.622
1478.027534,0.602
1479.481491,0.585
1480.935447,0.576
1482.389404,0.566
1483.84336,0.5511
1485.297317,0.544
1486.751274,0.542
1488.20523,0.535
1489.659187,0.534
1491.113144,0.532
1492.5671,0.531
1494.021057,0.529
1495.475014,0.531
1496.92897,0.534
1498.382927,0.54
1499.836883,0.545
1501.29084,0.553
1502.744797,0.554
1504.198753,0.5758
1505.65271,0.595
1507.106667,0.614
1508.560623,0.633
1510.01458,0.647
1511.468537,0.6649
1512.922493,0.668
1514.37645,0.672
1515.830407,0.673
1517.284363,0.675
1518.73832,0.676
1520.192276,0.679
1521.646233,0.681
1523.10019,0.682
1524.554146,0.682
1526.008103,0.684
1527.46206,0.684
1528.916016,0.685
1530.369973,0.685
1531.82393,0.685
1533.277886,0.684
1534.731843,0.682
1536.185799,0.679
1537.639756,0.672
1539.093713,0.671
1540.547669,0.671
1542.001626,0.672
1543.455583,0.673
1544.909539,0.673
1546.363496,0.675
1547.817453,0.676
1549.271409,0.682
1550.725366,0.688
1552.179322,0.691
1553.633279,0.692
1555.087236,0.694
1556.541192,0.698
1557.995149,0.701
1559.449106,0.7
1560.903062,0.695
1562.357019,0.695
1563.810976,0.691
1565.264932,0.688
1566.718889,0.684
1568.172846,0.682
1569.626802,0.682
1571.080759,0.679
1572.534715,0.679
1573.988672,0.679
1575.442629,0.679
1576.896585,0.678
1578.350542,0.672
1579.804499,230.668
1581.258455,0.656
1582.712412,230.668
1584.166369,230.668
1585.620325,230.668
1587.074282,230.668
1588.528238,230.668
1589.982195,230.668
1591.436152,230.668
1592.890108,230.668
1594.344065,230.668
1595.798022,230.668
1597.251978,230.668
1598.705935,230.668
1600.159892,230.668
1601.613848,230.668
1603.067805,230.668
1604.521762,230.668
1605.975718,230.668
1607.429675,230.668
1608.883631,0.416
1610.337588,0.42
1611.791545,0.436
1613.245501,0.446
1614.699458,0.457
1616.153415,0.4779
1617.607371,0.4989
1619.061328,0.5248
1620.515285,0.6074
1621.969241,0.627
1623.423198,0.643
1624.877154,0.6949
1626.331111,0.7638
1627.785068,0.8188
1629.239024,0.8827
1630.692981,0.887
1632.146938,0.892
1633.600894,0.896
1635.054851,0.901
1636.508808,0.905
1637.962764,0.909
1639.416721,0.912
1640.870678,0.914
1642.324634,0.914
1643.778591,0.914
1645.232547,0.914
1646.686504,0.914
1648.140461,0.912
1649.594417,0.912
1651.048374,0.914
1652.502331,0.915
1653.956287,0.915
1655.410244,0.918
1656.864201,0.918
1658.318157,0.918
1659.772114,0.919
1661.22607,0.921
1662.680027,0.922
1664.133984,0.922
1665.58794,0.922
1667.041897,0.924
1668.495854,0.925
1669.94981,0.933
1671.403767,0.933
1672.857724,0.934
1674.31168,0.934
1675.765637,0.934
1677.219593,0.934
1678.67355,0.934
1680.127507,0.935
1681.581463,0.938
1683.03542,0.941
1684.489377,0.944
1685.943333,0.947
1687.39729,0.947
1688.851247,0.949
1690.305203,0.949
1691.75916,0.95
1693.213117,0.95
1694.667073,0.95
1696.12103,0.953
1697.574986,0.956
1699.028943,0.957
1700.4829,0.959
1701.936856,0.96
1703.390813,0.962
1704.84477,0.963
1706.298726,0.965
1707.752683,0.966
1709.20664,0.965
1710.660596,0.96
1712.114553,0.956
1713.568509,0.954
1715.022466,0.954
1716.476423,0.957
1717.930379,0.96
1719.384336,0.962
1720.838293,0.96
1722.292249,0.959
1723.746206,0.954
1725.200163,0.954
1726.654119,0.953
1728.108076,0.944
1729.562033,0.937
1731.015989,0.934
1732.469946,0.934
1733.923902,0.933
1735.377859,0.933
1736.831816,0.934
1738.285772,0.934
1739.739729,0.934
1741.193686,0.94
1742.647642,0.935
1744.101599,0.933
1745.555556,0.931
1747.009512,0.931
1748.463469,0.931
1749.917425,0.935
1751.371382,0.938
1752.825339,0.938
1754.279295,0.94
1755.733252,0.94
1757.187209,0.94
1758.641165,0.941
1760.095122,0.943
1761.549079,0.943
1763.003035,0.943
1764.456992,0.943
1765.910949,0.941
1767.364905,0.941
1768.818862,0.944
1770.272818,0.946
1771.726775,0.949
1773.180732,0.95
1774.634688,0.95
1776.088645,0.95
1777.542602,0.951
1778.996558,0.951
1780.450515,0.954
1781.904472,0.957
1783.358428,0.965
1784.812385,0.966
1786.266341,0.969
1787.720298,0.97
1789.174255,0.97
1790.628211,0.972
1792.082168,0.975
1793.536125,0.975
1794.990081,0.978
1796.444038,0.979
1797.897995,0.979
1799.351951,0.978
1800.805908,0.976
1802.259864,0.975
1803.713821,0.975
1805.167778,0.975
1806.621734,0.975
1808.075691,0.973
1809.529648,0.973
1810.983604,0.973
1812.437561,0.973
1813.891518,0.975
1815.345474,0.975
1816.799431,0.975
1818.253388,0.973
1819.707344,0.972
1821.161301,0.973
1822.615257,0.973
1824.069214,0.973
1825.523171,0.973
1826.977127,0.973
1828.431084,0.973
1829.885041,0.97
1831.338997,0.963
1832.792954,0.96
1834.246911,0.954
1835.700867,0.953
1837.154824,0.947
1838.60878,0.946
1840.062737,0.94
1841.516694,0.935
1842.97065,0.928
1844.424607,0.927
1845.878564,0.927
1847.33252,0.928
1848.786477,0.928
1850.240434,0.93
1851.69439,0.933
1853.148347,0.933
1854.602304,0.933
1856.05626,0.934
1857.510217,0.938
1858.964173,0.941
1860.41813,0.944
1861.872087,0.953
1863.326043,0.957
1864.78,0.962
1866.233957,0.963
1867.687913,0.9699
1869.14187,0.97
1870.595827,0.972
1872.049783,0.976
1873.50374,0.976
1874.957696,0.978
1876.411653,0.978
1877.86561,0.978
1879.319566,0.979
1880.773523,0.979
1882.22748,0.978
1883.681436,0.978
1885.135393,0.978
1886.58935,0.978
1888.043306,0.976
1889.497263,0.975
1890.95122,0.973
1892.405176,0.973
1893.859133,0.973
1895.313089,0.975
1896.767046,0.973
1898.221003,0.972
1899.674959,0.969
1901.128916,0.969
1902.582873,0.967
1904.036829,0.965
1905.490786,0.963
1906.944743,0.963
1908.398699,0.963
1909.852656,0.963
1911.306612,0.962
1912.760569,0.956
1914.214526,0.951
1915.668482,0.951
1917.122439,0.944
1918.576396,0.94
1920.030352,0.934
1921.484309,0.931
1922.938266,0.924
1924.392222,0.924
1925.846179,0.922
1927.300136,0.924
1928.754092,0.927
1930.208049,0.934
1931.662005,0.934
1933.115962,0.933
1934.569919,0.933
1936.023875,0.933
1937.477832,0.931
1938.931789,0.933
1940.385745,0.937
1941.839702,0.946
1943.293659,0.953
1944.747615,0.96
1946.201572,0.96
1947.655528,0.962
1949.109485,0.963
1950.563442,0.97
1952.017398,0.972
1953.471355,0.969
1954.925312,0.969
1956.379268,0.967
1957.833225,0.963
1959.287182,0.963
1960.741138,0.97
1962.195095,0.976
1963.649051,0.978
1965.103008,0.979
1966.556965,0.981
1968.010921,0.981
1969.464878,0.981
1970.918835,0.982
1972.372791,0.982
1973.826748,0.982
1975.280705,0.982
1976.734661,0.981
1978.188618,0.981
1979.642575,0.981
1981.096531,0.981
1982.550488,0.981
1984.004444,0.981
1985.458401,0.981
1986.912358,0.981
1988.366314,0.981
1989.820271,0.981
1991.274228,0.981
1992.728184,0.981
1994.182141,0.981
1995.636098,0.981
1997.090054,0.981
1998.544011,0.981
1999.997967,0.979
2001.451924,0.979
2002.905881,0.979
2004.359837,0.979
2005.813794,0.979
2007.267751,0.979
2008.721707,0.979
2010.175664,0.979
2011.629621,0.979
2013.083577,0.9785
2014.537534,0.978
2015.991491,0.978
2017.445447,0.978
2018.899404,0.9766
2020.35336,0.9751
2021.807317,0.975
2023.261274,0.975
2024.71523,0.9741
2026.169187,0.9731
2027.623144,0.973
2029.0771,0.973
2030.531057,0.973
2031.985014,0.973
2033.43897,0.973
2034.892927,0.973
2036.346883,0.9739
2037.80084,0.9748
2039.254797,0.975
2040.708753,0.975
2042.16271,0.9754
2043.616667,0.9759
2045.070623,0.976
2046.52458,0.976
2047.978537,0.976
2049.432493,0.976
2050.88645,0.976
2052.340407,0.976
2053.794363,0.9768
2055.24832,0.9778
2056.702276,0.978
2058.156233,0.978
2059.61019,0.9792
2061.064146,0.9807
2062.518103,0.981
2063.97206,0.981
2065.426016,0.9803
2066.879973,0.9793
2068.33393,0.979
2069.787886,0.979
2071.241843,0.9776
2072.695799,0.9756
2074.149756,0.975
2075.603713,0.975
2077.057669,0.9743
2078.511626,0.9733
2079.965583,0.9727
2081.419539,0.9722
2082.873496,0.972
2084.327453,0.972
2085.781409,0.972
2087.235366,0.972
2088.689322,0.9713
2090.143279,0.9703
2091.597236,0.97
2093.051192,0.97
2094.505149,0.97
2095.959106,0.97
2097.413062,0.9706
2098.867019,0.9716
2100.320976,0.972
2101.774932,0.972
2103.228889,0.972
2104.682846,0.972
2106.136802,0.972
2107.590759,0.972
2109.044715,0.972
2110.498672,0.972
2111.952629,0.9714
2113.406585,0.9705
2114.860542,0.97
2116.314499,0.97
2117.768455,0.97
2119.222412,0.97
2120.676369,0.97
2122.130325,0.97
2123.584282,0.97
2125.038238,0.97
2126.492195,0.97
2127.946152,0.97
2129.400108,0.97
2130.854065,0.97
2132.308022,0.97
2133.761978,0.97
2135.215935,0.97
2136.669892,0.97
2138.123848,0.97
2139.577805,0.97
2141.031762,0.9698
2142.485718,0.9693
2143.939675,0.969
2145.393631,0.969
2146.847588,0.969
2148.301545,0.969
2149.755501,0.969
2151.209458,0.969
2152.663415,0.969
2154.117371,0.969
2155.571328,0.9686
2157.025285,0.9676
2158.479241,0.967
2159.933198,0.967
2161.387154,0.9674
2162.841111,0.9684
2164.295068,0.969
2165.749024,0.969
2167.202981,0.969
2168.656938,0.969
2170.110894,0.969
2171.564851,0.969
2173.018808,0.9692
2174.472764,0.9697
2175.926721,0.9703
2177.380678,0.9713
2178.834634,0.9722
2180.288591,0.9727
2181.742547,0.9733
2183.196504,0.9743
2184.650461,0.975
2186.104417,0.975
2187.558374,0.9746
2189.012331,0.9731
2190.466287,0.972
2191.920244,0.972
2193.374201,0.9717
2194.828157,0.9708
2196.282114,0.97
2197.73607,0.97
2199.190027,0.97
2200.643984,0.97
2202.09794,0.97
2203.551897,0.97
2205.005854,0.9699
2206.45981,0.9694
2207.913767,0.9688
2209.367724,0.9678
2210.82168,0.967
2212.275637,0.967
2213.729593,0.9669
2215.18355,0.9664
2216.637507,0.966
2218.091463,0.966
2219.54542,0.966
2220.999377,0.966
2222.453333,0.9661
2223.90729,0.9666
2225.361247,0.967
2226.815203,0.967
2228.26916,0.9671
2229.723117,0.9681
2231.177073,0.969
2232.63103,0.969
2234.084986,0.969
2235.538943,0.969
2236.9929,0.969
2238.446856,0.969
2239.900813,0.969
2241.35477,0.969
2242.808726,0.9688
2244.262683,0.9658
2245.71664,0.963
2247.170596,0.963
2248.624553,0.963
2250.078509,0.963
2251.532466,0.963
2252.986423,0.964
2254.440379,0.965
2255.894336,0.965
2257.348293,0.965
2258.802249,0.9635
2260.256206,0.962
2261.710163,0.962
2263.164119,0.962
2264.618076,0.962
2266.072033,0.962
2267.525989,0.961
2268.979946,0.96
2270.433902,0.96
2271.887859,0.96
2273.341816,0.9595
2274.795772,0.959
2276.249729,0.9581
2277.703686,0.9571
2279.157642,0.9551
2280.611599,0.9532
2282.065556,0.953
2283.519512,0.953
2284.973469,0.953
2286.427425,0.953
2287.881382,0.953
2289.335339,0.953
2290.789295,0.953
2292.243252,0.953
2293.697209,0.953
2295.151165,0.953
2296.605122,0.9543
2298.059079,0.9558
2299.513035,0.956
2300.966992,0.956
2302.420949,0.956
2303.874905,0.956
2305.328862,0.956
2306.782818,0.956
2308.236775,0.956
2309.690732,0.956
2311.144688,0.956
2312.598645,0.956
2314.052602,0.9552
2315.506558,0.9542
2316.960515,0.9536
2318.414472,0.9531
2319.868428,0.9518
2321.322385,0.9503
2322.776341,0.95
2324.230298,0.95
2325.684255,0.95
2327.138211,0.95
2328.592168,0.95
2330.046125,0.95
2331.500081,0.9496
2332.954038,0.9491
2334.407995,0.949
2335.861951,0.949
2337.315908,0.949
2338.769864,0.949
2340.223821,0.9493
2341.677778,0.9498
2343.131734,0.95
2344.585691,0.95
2346.039648,0.95
2347.493604,0.95
2348.947561,0.95
2350.401518,0.95
2351.855474,0.95
2353.309431,0.95
2354.763388,0.9503
2356.217344,0.9508
2357.671301,0.951
2359.125257,0.951
2360.579214,0.9507
2362.033171,0.9502
2363.487127,0.95
2364.941084,0.95
2366.395041,0.9503
2367.848997,0.9508
2369.302954,0.951
2370.756911,0.951
2372.210867,0.9507
2373.664824,0.9502
2375.11878,0.95
2376.572737,0.95
2378.026694,0.95
2379.48065,0.95
2380.934607,0.95
2382.388564,0.95
2383.84252,0.95
2385.296477,0.95
2386.750434,0.95
2388.20439,0.95
2389.658347,0.95
2391.112304,0.95
2392.56626,0.9497
2394.020217,0.9493
2395.474173,0.949
2396.92813,0.949
2398.382087,0.9485
2399.836043,0.9475
2401.29,0.9468
2402.743957,0.9463
2404.197913,0.9456
2405.65187,0.9446
2407.105827,0.944
2408.559783,0.944
2410.01374,0.944
2411.467696,0.944
2412.921653,0.9438
2414.37561,0.9433
2415.829566,0.943
2417.283523,0.943
2418.73748,0.943
2420.191436,0.943
2421.645393,0.943
2423.09935,0.943
2424.553306,0.943
2426.007263,0.943
2427.46122,0.943
2428.915176,0.943
2430.369133,0.943
2431.823089,0.943
2433.277046,0.943
2434.731003,0.943
2436.184959,0.943
2437.638916,0.943
2439.092873,0.943
2440.546829,0.943
2442.000786,0.943
2443.454743,0.943
2444.908699,0.943
2446.362656,0.943
2447.816612,0.943
2449.270569,0.943
2450.724526,0.943
2452.178482,0.943
2453.632439,0.943
2455.086396,0.943
2456.540352,0.943
2457.994309,0.943
2459.448266,0.943
2460.902222,0.943
2462.356179,0.943
2463.810136,0.943
2465.264092,0.943
2466.718049,0.943
2468.172005,0.9431
2469.625962,0.9436
2471.079919,0.9442
2472.533875,0.9452
2473.987832,0.9461
2475.441789,0.9466
2476.895745,0.947
2478.349702,0.947
2479.803659,0.947
2481.257615,0.947
2482.711572,0.947
2484.165528,0.947
2485.619485,0.947
2487.073442,0.947
2488.527398,0.947
2489.981355,0.947
2491.435312,0.9471
2492.889268,0.9481
2494.343225,0.949
2495.797182,0.949
2497.251138,0.949
2498.705095,0.949
2500.159051,0.949
2501.613008,0.949
2503.066965,0.949
2504.520921,0.9495
2505.974878,0.95
2507.428835,0.95
2508.882791,0.95
2510.336748,0.95
2511.790705,0.95
2513.244661,0.95
2514.698618,0.95
2516.152575,0.9495
2517.606531,0.949
2519.060488,0.949
2520.514444,0.949
2521.968401,0.9475
2523.422358,0.946
2524.876314,0.9445
2526.330271,0.943
2527.784228,0.942
2529.238184,0.941
2530.692141,0.9405
2532.146098,0.94
2533.600054,0.94
2535.054011,0.94
2536.507967,0.94
2537.961924,0.94
2539.415881,0.9414
2540.869837,0.9429
2542.323794,0.9444
2543.777751,0.9459
2545.231707,0.946
2546.685664,0.946
2548.139621,0.9465
2549.593577,0.947
2551.047534,0.947
2552.501491,0.947
2553.955447,0.947
2555.409404,0.947
2556.86336,0.947
2558.317317,0.947
2559.771274,0.9479
2561.22523,0.9489
2562.679187,0.949
2564.133144,0.949
2565.5871,0.9494
2567.041057,0.9499
2568.495014,0.95
2569.94897,0.95
2571.402927,0.95
2572.856883,0.95
2574.31084,0.9496
2575.764797,0.9491
2577.218753,0.949
2578.67271,0.949
2580.126667,0.949
2581.580623,0.949
2583.03458,0.9482
2584.488537,0.9472
2585.942493,0.947
2587.39645,0.947
2588.850407,0.9466
2590.304363,0.9461
2591.75832,0.9452
2593.212276,0.9442
2594.666233,0.944
2596.12019,0.944
2597.574146,0.9436
2599.028103,0.9431
2600.48206,0.943
2601.936016,0.943
2603.389973,0.943
2604.84393,0.943
2606.297886,0.943
2607.751843,0.943
2609.205799,0.9423
2610.659756,0.9413
2612.113713,0.941
2613.567669,0.941
2615.021626,0.941
2616.475583,0.941
2617.929539,0.941
2619.383496,0.941
2620.837453,0.941
2622.291409,0.941
2623.745366,0.941
2625.199322,0.941
2626.653279,0.941
2628.107236,0.941
2629.561192,0.941
2631.015149,0.941
2632.469106,5000.9416
2633.923062,0.9426
2635.377019,0.943
2636.830976,0.943
2638.284932,0.943
2639.738889,0.943
2641.192846,0.943
2642.646802,0.943
2644.100759,0.943
2645.554715,0.943
2647.008672,0.943
2648.462629,0.943
2649.916585,0.943
2651.370542,0.943
2652.824499,0.943
2654.278455,0.943
2655.732412,0.943
2657.186369,0.943
2658.640325,0.943
2660.094282,0.943
2661.548238,0.943
2663.002195,0.943
2664.456152,0.943
2665.910108,0.943
2667.364065,0.943
2668.818022,0.943
2670.271978,0.943
2671.725935,0.943
2673.179892,0.943
2674.633848,0.943
2676.087805,0.9426
2677.541762,0.9416
2678.995718,0.941
2680.449675,0.941
2681.903631,0.9408
2683.357588,0.9403
2684.811545,0.94
2686.265501,0.94
2687.719458,0.94
2689.173415,0.94
2690.627371,0.94
2692.081328,0.94
2693.535285,0.94
2694.989241,0.94
2696.443198,0.9397
2697.897154,0.9387
2699.351111,0.9378
2700.805068,0.9373
2702.259024,0.9365
2703.712981,0.935
2705.166938,0.9338
2706.620894,0.9333
2708.074851,0.9327
2709.528808,0.9317
2710.982764,0.931
2712.436721,0.931
2713.890678,0.9306
2715.344634,0.9291
2716.798591,0.9272
2718.252547,0.9242
2719.706504,0.9207
2721.160461,0.9157
2722.614417,0.9113
2724.068374,0.9083
2725.522331,0.9052
2726.976287,0.9017
2728.430244,0.8982
2729.884201,0.8947
2731.338157,0.8905
2732.792114,0.884
2734.24607,0.878
2735.700027,0.8735
2737.153984,0.8697
2738.60794,0.8682
2740.061897,0.8671
2741.515854,0.8676
2742.96981,0.8687
2744.423767,0.8727
2745.877724,0.8768
2747.33168,0.8818
2748.785637,0.8872
2750.239593,0.8946
2751.69355,0.9016
2753.147507,0.9055
2754.601463,0.9095
2756.05542,0.9135
2757.509377,0.9172
2758.963333,0.9192
2760.41729,0.9211
2761.871247,0.9216
2763.325203,0.9221
2764.77916,0.9231
2766.233117,0.924
2767.687073,0.924
2769.14103,0.924
2770.594986,0.924
2772.048943,0.924
2773.5029,0.924
2774.956856,0.9239
2776.410813,0.9229
2777.86477,0.922
2779.318726,0.922
2780.772683,0.922
2782.22664,0.9215
2783.680596,0.921
2785.134553,0.92
2786.588509,0.919
2788.042466,0.919
2789.496423,0.919
2790.950379,0.9185
2792.404336,0.918
2793.858293,0.916
2795.312249,0.914
2796.766206,0.9125
2798.220163,0.911
2799.674119,0.9086
2801.128076,0.9061
2802.582033,0.9046
2804.035989,0.9031
2805.489946,0.9021
2806.943902,0.9011
2808.397859,0.901
2809.851816,0.901
2811.305772,0.9001
2812.759729,0.8991
2814.213686,0.895
2815.667642,0.8905
2817.121599,0.8855
2818.575556,0.8805
2820.029512,0.8768
2821.483469,0.8734
2822.937425,0.8699
2824.391382,0.8664
2825.845339,0.8638
2827.299295,0.8613
2828.753252,0.8606
2830.207209,0.8601
2831.661165,0.8545
2833.115122,0.848
2834.569079,0.8408
2836.023035,0.8333
2837.476992,0.8189
2838.930949,0.803
2840.384905,0.7899
2841.838862,0.7775
2843.292818,0.7655
2844.746775,0.7536
2846.200732,0.7415
2847.654688,0.7295
2849.108645,0.7112
2850.562602,0.6913
2852.016558,0.6703
2853.470515,0.6489
2854.924472,0.6192
2856.378428,0.5869
2857.832385,0.5543
2859.286341,0.5215
2860.740298,0.506
2862.194255,0.4966
2863.648211,0.4889
2865.102168,0.482
2866.556125,0.4733
2868.010081,0.4638
2869.464038,0.4565
2870.917995,0.45
2872.371951,0.448
2873.825908,0.448
2875.279864,0.4524
2876.733821,0.4589
2878.187778,0.4665
2879.641734,0.4744
2881.095691,0.4823
2882.549648,0.4903
2884.003604,0.4982
2885.457561,0.5062
2886.911518,0.509
2888.365474,0.509
2889.819431,0.5062
2891.273388,0.5017
2892.727344,0.4991
2894.181301,0.4976
2895.635257,0.4883
2897.089214,0.4739
2898.543171,0.4578
2899.997127,0.4404
2901.451084,0.4299
2902.905041,0.4244
2904.358997,0.4186
2905.812954,0.4126
2907.266911,0.4017
2908.720867,0.3873
2910.174824,0.3671
2911.62878,0.3422
2913.082737,0.3247
2914.536694,0.3133
2915.99065,0.3014
2917.444607,0.289
2918.898564,0.2732
2920.35252,0.2543
2921.806477,0.241
2923.260434,0.233
2924.71439,0.2256
2926.168347,0.2186
2927.622304,0.2145
2929.07626,0.2135
2930.530217,0.2135
2931.984173,0.2145
2933.43813,0.2216
2934.892087,0.2362
2936.346043,0.2567
2937.8,0.284
2939.253957,0.3046
2940.707913,0.317
2942.16187,0.3474
2943.615827,0.4011
2945.069783,0.4354
2946.52374,0.4433
2947.977696,0.4527
2949.431653,0.4641
2950.88561,0.4749
2952.339566,0.4849
2953.793523,0.4961
2955.24748,0.5095
2956.701436,0.5278
2958.155393,0.5547
2959.60935,0.578
2961.063306,0.5948
2962.517263,0.6058
2963.97122,0.6053
2965.425176,0.6045
2966.879133,0.603
2968.333089,0.6008
2969.787046,0.5973
2971.241003,0.5931
2972.694959,0.5871
2974.148916,0.5814
2975.602873,0.5765
2977.056829,0.5717
2978.510786,0.5672
2979.964743,0.5629
2981.418699,0.5589
2982.872656,0.5534
2984.326612,0.544
2985.780569,0.5338
2987.234526,0.5214
2988.688482,0.5078
2990.142439,0.4904
2991.596396,0.4728
2993.050352,0.4547
2994.504309,0.4352
2995.958266,0.4113
2997.412222,0.3873
2998.866179,0.3624
3000.320136,0.3416
3001.774092,0.3351
3003.228049,0.3285
3004.682005,0.321
3006.135962,0.3137
3007.589919,0.3067
3009.043875,0.2999
3010.497832,0.2934
3011.951789,0.287
3013.405745,0.2811
3014.859702,5000.9416
3016.313659,5000.9416
3017.767615,5000.9416
3019.221572,5000.9416
3020.675528,5000.9416
3022.129485,5000.9416
3023.583442,5000.9416
3025.037398,5000.9416
3026.491355,5000.9416
3027.945312,5000.9416
3029.399268,5000.9416
3030.853225,5000.9416
3032.307182,5000.9416
3033.761138,5000.9416
3035.215095,5000.9416
3036.669051,5000.9416
3038.123008,5000.9416
3039.576965,5000.9416
3041.030921,5000.9416
3042.484878,5000.9416
3043.938835,5000.9416
3045.392791,5000.9416
3046.846748,5000.9416
3048.300705,5000.9416
3049.754661,5000.9416
3051.208618,5000.9416
3052.662575,5000.9416
3054.116531,5000.9416
3055.570488,5000.9416
3057.024444,5000.9416
3058.478401,5000.9416
3059.932358,5000.9416
3061.386314,5000.9416
3062.840271,5000.9416
3064.294228,5000.9416
3065.748184,5000.9416
3067.202141,5000.9416
3068.656098,5000.9416
3070.110054,5000.9416
3071.564011,5000.9416
3073.017967,5000.9416
3074.471924,5000.9416
3075.925881,0.6261
3077.379837,0.6407
3078.833794,0.6546
3080.287751,0.6646
3081.741707,0.6742
3083.195664,0.6995
3084.649621,0.7263
3086.103577,0.729
3087.557534,0.729
3089.011491,0.7431
3090.465447,0.759
3091.919404,0.7649
3093.37336,0.7694
3094.827317,0.7734
3096.281274,0.7774
3097.73523,0.7801
3099.189187,0.7826
3100.643144,0.7846
3102.0971,0.7866
3103.551057,0.7894
3105.005014,0.7924
3106.45897,0.797
3107.912927,0.8019
3109.366883,0.8034
3110.82084,0.8039
3112.274797,0.8084
3113.728753,0.8138
3115.18271,0.8166
3116.636667,0.8186
3118.090623,0.8236
3119.54458,0.8296
3120.998537,0.8352
3122.452493,0.8406
3123.90645,0.849
3125.360407,0.8585
3126.814363,0.8679
3128.26832,0.8773
3129.722276,0.88
3131.176233,0.88
3132.63019,0.8821
3134.084146,0.8851
3135.538103,0.8874
3136.99206,0.8894
3138.446016,0.8938
3139.899973,0.8993
3141.35393,0.9024
3142.807886,0.9044
3144.261843,0.9063
3145.715799,0.9083
3147.169756,0.909
3148.623713,0.909
3150.077669,0.9096
3151.531626,0.9106
3152.985583,0.911
3154.439539,0.911
3155.893496,0.911
3157.347453,0.911
3158.801409,0.9119
3160.255366,0.9134
3161.709322,0.914
3163.163279,0.914
3164.617236,0.9131
3166.071192,0.9116
3167.525149,0.911
3168.979106,0.911
3170.433062,0.911
3171.887019,0.911
3173.340976,0.911
3174.794932,0.911
3176.248889,0.911
3177.702846,0.911
3179.156802,0.9113
3180.610759,0.9118
3182.064715,0.912
3183.518672,0.912
3184.972629,0.912
3186.426585,0.912
3187.880542,0.9118
3189.334499,0.9113
3190.788455,0.911
3192.242412,0.911
3193.696369,0.9105
3195.150325,0.9095
3196.604282,0.909
3198.058238,0.909
3199.512195,0.909
3200.966152,0.909
3202.420108,0.9095
3203.874065,0.9104
3205.328022,0.9112
3206.781978,0.9117
3208.235935,0.912
3209.689892,0.912
3211.143848,0.912
3212.597805,0.912
3214.051762,0.912
3215.505718,0.912
3216.959675,0.912
3218.413631,0.912
3219.867588,0.912
3221.321545,0.912
3222.775501,0.9129
3224.229458,0.9154
3225.683415,0.9172
3227.137371,0.9177
3228.591328,0.918
3230.045285,0.918
3231.499241,0.918
3232.953198,0.918
3234.407154,0.918
3235.861111,0.918
3237.315068,0.918
3238.769024,0.918
3240.222981,0.9178
3241.676938,0.9174
3243.130894,0.9167
3244.584851,0.9157
3246.038808,0.9149
3247.492764,0.9144
3248.946721,0.9137
3250.400678,0.9127
3251.854634,0.912
3253.308591,0.912
3254.762547,0.912
3256.216504,0.912
3257.670461,0.912
3259.124417,0.912
3260.578374,0.9122
3262.032331,0.9132
3263.486287,0.914
3264.940244,0.914
3266.394201,0.914
3267.848157,0.914
3269.302114,0.9138
3270.75607,0.9128
3272.210027,0.912
3273.663984,0.912
3275.11794,0.912
3276.571897,0.912
3278.025854,0.912
3279.47981,0.912
3280.933767,0.9123
3282.387724,0.9148
3283.84168,0.9171
3285.295637,0.9176
3286.749593,0.918
3288.20355,0.918
3289.657507,0.918
3291.111463,0.918
3292.56542,0.918
3294.019377,0.918
3295.473333,0.918
3296.92729,0.9175
3298.381247,0.9169
3299.835203,0.9159
3301.28916,0.915
3302.743117,0.915
3304.197073,0.9151
3305.65103,0.916
3307.104986,0.917
3308.558943,0.9175
3310.0129,0.918
3311.466856,0.918
3312.920813,0.918
3314.37477,0.918
3315.828726,0.918
3317.282683,0.9175
3318.73664,0.917
3320.190596,0.917
3321.644553,0.917
3323.098509,0.917
3324.552466,0.917
3326.006423,0.917
3327.460379,0.917
3328.914336,0.9175
3330.368293,0.918
3331.822249,0.918
3333.276206,0.918
3334.730163,0.9185
3336.184119,0.919
3337.638076,0.919
3339.092033,0.919
3340.545989,0.919
3341.999946,0.919
3343.453902,0.9185
3344.907859,0.918
3346.361816,0.918
3347.815772,0.918
3349.269729,0.9176
3350.723686,0.9171
3352.177642,0.917
3353.631599,0.917
3355.085556,0.917
3356.539512,0.917
3357.993469,0.917
3359.447425,0.917
3360.901382,0.9162
3362.355339,0.9152
3363.809295,0.915
3365.263252,0.915
3366.717209,0.915
3368.171165,0.915
3369.625122,0.9146
3371.079079,0.9141
3372.533035,0.914
3373.986992,0.914
3375.440949,0.914
3376.894905,0.914
3378.348862,0.914
3379.802818,0.914
3381.256775,0.914
3382.710732,0.914
3384.164688,0.914
3385.618645,0.914
3387.072602,0.914
3388.526558,0.914
3389.980515,0.914
3391.434472,0.914
3392.888428,0.914
3394.342385,0.914
3395.796341,0.9133
3397.250298,0.9123
3398.704255,0.912
3400.158211,0.912
3401.612168,0.912
3403.066125,0.912
3404.520081,0.912
3405.974038,0.912
3407.427995,0.9117
3408.881951,0.9112
3410.335908,0.911
3411.789864,0.911
3413.243821,0.911
3414.697778,0.911
3416.151734,0.911
3417.605691,0.911
3419.059648,0.9113
3420.513604,0.9118
3421.967561,0.912
3423.421518,0.912
3424.875474,0.9117
3426.329431,0.9112
3427.783388,0.911
3429.237344,0.911
3430.691301,0.911
3432.145257,0.911
3433.599214,0.911
3435.053171,0.911
3436.507127,0.911
3437.961084,0.911
3439.415041,0.911
3440.868997,0.911
3442.322954,0.911
3443.776911,0.911
3445.230867,0.911
3446.684824,0.911
3448.13878,0.9113
3449.592737,0.9118
3451.046694,0.912
3452.50065,0.912
3453.954607,0.912
3455.408564,0.912
3456.86252,0.9118
3458.316477,0.9113
3459.770434,0.911
3461.22439,0.911
3462.678347,0.911
3464.132304,0.911
3465.58626,0.9119
3467.040217,0.9139
3468.494173,0.915
3469.94813,0.915
3471.402087,0.9144
3472.856043,0.9129
3474.31,0.912
3475.763957,0.912
3477.217913,0.9114
3478.67187,0.9099
3480.125827,0.909
3481.579783,0.909
3483.03374,0.9096
3484.487696,0.9111
3485.941653,0.9124
3487.39561,0.9134
3488.849566,0.914
3490.303523,0.914
3491.75748,0.9145
3493.211436,0.916
3494.665393,0.917
3496.11935,0.917
3497.573306,0.9167
3499.027263,0.9157
3500.48122,0.9148
3501.935176,0.9143
3503.389133,0.9135
3504.843089,0.912
3506.297046,0.911
3507.751003,0.911
3509.204959,0.9116
3510.658916,0.9135
3512.112873,0.9153
3513.566829,0.9163
3515.020786,0.917
3516.474743,0.917
3517.928699,0.9168
3519.382656,0.9158
3520.836612,0.9146
3522.290569,0.9131
3523.744526,0.9119
3525.198482,0.9114
3526.652439,0.911
3528.106396,0.911
3529.560352,0.911
3531.014309,0.911
3532.468266,0.9108
3533.922222,0.9098
3535.376179,0.9089
3536.830136,0.9084
3538.284092,0.9078
3539.738049,0.9068
3541.192005,0.9059
3542.645962,0.9054
3544.099919,0.905
3545.553875,0.905
3547.007832,0.905
3548.461789,0.905
3549.915745,0.9051
3551.369702,0.9056
3552.823659,0.906
3554.277615,0.906
3555.731572,0.9061
3557.185528,0.9071
3558.639485,0.9081
3560.093442,0.9085
3561.547398,0.909
3563.001355,0.909
3564.455312,0.909
3565.909268,0.909
3567.363225,0.909
3568.817182,0.909
3570.271138,0.909
3571.725095,0.909
3573.179051,0.909
3574.633008,0.91
3576.086965,0.911
3577.540921,0.911
3578.994878,0.911
3580.448835,0.91
3581.902791,0.909
3583.356748,0.909
3584.810705,0.909
3586.264661,0.9085
3587.718618,0.908
3589.172575,0.908
3590.626531,0.908
3592.080488,0.907
3593.534444,0.906
3594.988401,0.906
3596.442358,0.906
3597.896314,0.906
3599.350271,0.906
3600.804228,0.906
3602.258184,0.906
3603.712141,0.9069
3605.166098,0.9079
3606.620054,0.9085
3608.074011,0.909
3609.527967,0.909
3610.981924,0.909
3612.435881,0.909
3613.889837,0.909
3615.343794,0.909
3616.797751,0.909
3618.251707,0.909
3619.705664,0.909
3621.159621,0.9077
3622.613577,0.9062
3624.067534,0.9068
3625.521491,0.9078
3626.975447,0.908
3628.429404,0.908
3629.88336,0.9084
3631.337317,0.9089
3632.791274,0.909
3634.24523,0.909
3635.699187,0.9098
3637.153144,0.9108
3638.6071,0.911
3640.061057,0.911
3641.515014,0.9098
3642.96897,0.9083
3644.422927,0.9068
3645.876883,0.9053
3647.33084,0.9054
3648.784797,0.9059
3650.238753,0.9068
3651.69271,0.9077
3653.146667,0.9084
3654.600623,0.9089
3656.05458,0.909
3657.508537,0.909
3658.962493,0.9097
3660.41645,0.9107
3661.870407,0.91
3663.324363,0.9085
3664.77832,0.9073
3666.232276,0.9063
3667.686233,0.906
3669.14019,0.906
3670.594146,0.9067
3672.048103,0.9077
3673.50206,0.9083
3674.956016,0.9088
3676.409973,0.9097
3677.86393,0.9106
3679.317886,0.9094
3680.771843,0.9069
3682.225799,0.9057
3683.679756,0.9052
3685.133713,0.9041
3686.587669,0.9026
3688.041626,0.902
3689.495583,0.902
3690.949539,0.902
3692.403496,0.902
3693.857453,0.9023
3695.311409,0.9028
3696.765366,0.903
3698.219322,0.903
3699.673279,0.903
3701.127236,0.903
3702.581192,0.9036
3704.035149,0.9046
3705.489106,0.905
3706.943062,0.905
3708.397019,0.905
3709.850976,0.905
3711.304932,0.9045
3712.758889,0.9035
3714.212846,0.9027
3715.666802,0.9023
3717.120759,0.902
3718.574715,0.902
3720.028672,0.9018
3721.482629,0.9013
3722.936585,0.9005
3724.390542,0.8995
3725.844499,0.899
3727.298455,0.899
3728.752412,0.8988
3730.206369,0.8983
3731.660325,0.898
3733.114282,0.898
3734.568238,0.8989
3736.022195,0.9009
3737.476152,0.902
3738.930108,0.902
3740.384065,0.9014
3741.838022,0.8999
3743.291978,0.8988
3744.745935,0.8983
3746.199892,0.898
3747.653848,0.898
3749.107805,0.8982
3750.561762,0.8987
3752.015718,0.899
3753.469675,0.899
3754.923631,0.899
3756.377588,0.899
3757.831545,0.8994
3759.285501,0.9003
3760.739458,0.901
3762.193415,0.901
3763.647371,0.9007
3765.101328,0.8997
3766.555285,0.899
3768.009241,0.899
3769.463198,0.899
3770.917154,0.899
3772.371111,0.899
3773.825068,0.899
3775.279024,0.899
3776.732981,0.899
3778.186938,0.8993
3779.640894,0.9003
3781.094851,0.9011
3782.548808,0.9016
3784.002764,0.902
3785.456721,0.902
3786.910678,0.9021
3788.364634,0.9026
3789.818591,0.903
3791.272547,0.903
3792.726504,0.9029
3794.180461,0.9024
3795.634417,0.902
3797.088374,0.902
3798.542331,0.902
3799.996287,0.902
3801.450244,0.9019
3802.904201,0.9014
3804.358157,0.9008
3805.812114,0.8998
3807.26607,0.899
3808.720027,0.899
3810.173984,0.899
3811.62794,0.899
3813.081897,0.899
3814.535854,0.899
3815.98981,0.899
3817.443767,0.899
3818.897724,0.899
3820.35168,0.899
3821.805637,0.899
3823.259593,0.899
3824.71355,0.899
3826.167507,0.899
3827.621463,0.899
3829.07542,0.8985
3830.529377,0.8979
3831.983333,0.8969
3833.43729,0.896
3834.891247,0.896
3836.345203,0.896
3837.79916,0.897
3839.253117,0.898
3840.707073,0.898
3842.16103,0.8981
3843.614986,0.8996
3845.068943,0.901
3846.5229,0.8995
3847.976856,0.898
3849.430813,0.898
3850.88477,0.898
3852.338726,0.897
3853.792683,0.896
3855.24664,0.896
3856.700596,0.896
3858.154553,0.896
3859.608509,0.896
3861.062466,0.896
3862.516423,0.896
3863.970379,0.896
3865.424336,0.896
3866.878293,0.8955
3868.332249,0.895
3869.786206,0.895
3871.240163,0.895
3872.694119,0.8968
3874.148076,0.8988
3875.602033,0.899
3877.055989,0.899
3878.509946,0.895
3879.963902,0.8905
3881.417859,0.89
3882.871816,0.89
3884.325772,0.8909
3885.779729,0.8919
3887.233686,0.892
3888.687642,0.892
3890.141599,0.8933
3891.595556,0.8948
3893.049512,0.895
3894.503469,0.895
3895.957425,0.8938
3897.411382,0.8923
3898.865339,0.8912
3900.319295,0.8902
3901.773252,0.8896
3903.227209,0.8891
3904.681165,0.889
3906.135122,0.889
3907.589079,0.889
3909.043035,0.889
3910.496992,0.889
3911.950949,0.889
3913.404905,0.889
3914.858862,0.889
3916.312818,0.889
3917.766775,0.889
3919.220732,0.8883
3920.674688,0.8873
3922.128645,0.8866
3923.582602,0.8861
3925.036558,0.886
3926.490515,0.886
3927.944472,0.8864
3929.398428,0.8869
3930.852385,0.887
3932.306341,0.887
3933.760298,0.888
3935.214255,0.8895
3936.668211,0.89
3938.122168,0.89
3939.576125,0.889
3941.030081,0.8875
3942.484038,0.8864
3943.937995,0.8854
3945.391951,0.885
3946.845908,0.885
3948.299864,0.8856
3949.753821,0.8866
3951.207778,0.887
3952.661734,0.887
3954.115691,0.8876
3955.569648,0.8886
3957.023604,0.8893
3958.477561,0.8898
3959.931518,0.8897
3961.385474,0.8892
3962.839431,0.889
3964.293388,0.889
3965.747344,0.8884
3967.201301,0.8874
3968.655257,0.887
3970.109214,0.887
3971.563171,0.887
3973.017127,0.887
3974.471084,0.8875
3975.925041,0.8885
3977.378997,0.8893
3978.832954,0.8898
3980.286911,0.8898
3981.740867,0.8893
3983.194824,0.889
3984.64878,0.889
3986.102737,0.889
3987.556694,0.889
3989.01065,0.889
3990.464607,0.889
3991.918564,0.8885
3993.37252,0.8875
3994.826477,0.8877
3996.280434,0.8892
3997.73439,0.8898
3999.188347,0.8893
4000.642304,0.889
4002.09626,0.889
4003.550217,0.889
4005.004173,0.889
4006.45813,0.889
4007.912087,0.889
4009.366043,0.8886
4010.82,0.8876
